path_control,generated_prompt,ground_truth_prompt
/skynas/01/hardik/ray-cot-daw-hdrs/70_0efad0658cd3_hdr.jpg,"To achieve the transformation from the original input to the edited result, several visual adjustments need to be made. The overall brightness of the scene should be increased slightly, enhancing the visibility of details in both the water and the surrounding environment. The sky's colors can be adjusted to appear more vibrant and clear, with a slight enhancement in saturation to make it appear brighter and more dynamic.

The wooden dock's texture needs to be refined; the grain patterns should be more pronounced and realistic, giving it a polished look. Additionally, the reflection of the dock on the water should be enhanced to create a mirror-like effect, adding depth and dimension to the scene.

Regarding objects within the image, the boat at the dock should have its appearance updated to match the enhanced lighting conditions. This includes adjusting the sheen on the boat's surface and ensuring it reflects the improved color palette of the surroundings. The background buildings and structures should also benefit from these lighting enhancements, appearing more defined and colorful.

Finally, any visible lens distortions or perspective issues should be corrected to ensure the entire scene is aligned correctly, providing a more balanced and aesthetically pleasing composition. These changes collectively will transform the original image into a more visually appealing and professionally edited version.","To achieve the transformation from the original input to the edited result, several visual adjustments must be made. The inflatable boat with motors should be removed entirely from the scene, leaving a clear view of the water surface in its place. Additionally, the large cylindrical structures near the dock need to be eliminated, ensuring the dock area appears more open and less cluttered. The perspective of the scene should be adjusted slightly to focus more on the horizon and the distant shoreline, reducing the prominence of the dock in the foreground. The lighting can be enhanced by increasing the brightness and contrast, which will make the sky appear more vivid and the clouds more defined against the blue backdrop. The water's texture should be subtly altered to reflect these lighting changes, giving it a more dynamic and lively appearance. Lastly, the overall composition should be refined to create a more balanced and serene maritime landscape, emphasizing the natural elements like the trees and the distant buildings while minimizing man-made distractions."
/skynas/01/hardik/ray-cot-daw-hdrs/25_aa0dfda03f19_hdr.jpg,"To transform the original bedroom scene into the edited version, several visual adjustments need to be applied. The overall brightness of the room should be increased, enhancing the natural light coming through the window blinds and creating a more vibrant atmosphere. The colors in the room should be slightly desaturated, giving the space a cooler tone while maintaining the blue hue of the walls. The furniture, including the bed and shelves, should have their textures smoothed out for a cleaner look. The guitar placed against the wall should be removed entirely to maintain a clear view of the entire room layout. Additionally, the lampshade on the nightstand needs to be changed from gold to white, aligning with the overall color scheme of the room. Lastly, any minor imperfections or distractions in the background elements, such as the electrical outlets and decorative items, should be minimized or eliminated to focus attention on the main subjects—the bed and the bookshelf.","To transform the original bedroom scene into the edited version, several visual adjustments need to be made. The overall brightness of the room should be increased, enhancing the visibility of details and creating a more inviting atmosphere. This can be achieved by adjusting the exposure and contrast settings. The color temperature should be slightly warmed to give the space a cozier feel. Additionally, the carpet's hue needs to be lightened from a darker shade to a lighter beige tone, which will contribute to the brighter ambiance of the room. The bookshelf, bed frame, and other furniture should remain in their positions, but their colors might need slight adjustments to match the new lighting conditions. The window blinds should appear more translucent, allowing more natural light to filter through, which will further brighten the room. Lastly, ensure there are no visible shadows or dark areas, maintaining a consistent and evenly lit environment throughout the space."
"/skynas/01/hardik/ray-cotala-1/April 2025/April 29, 2025/3 - HDR 1K/305-12075 Edge Street, Maple Ridge/_NZ84754.NEF.jpg","To achieve the desired transformation, start by adjusting the overall brightness and contrast of the scene. Reduce the white balance slightly to enhance the natural colors without making them too vibrant. This will create a more balanced look while still maintaining clarity. Additionally, darken the edges of the image slightly to give it a more defined border. For the bed, remove the pinkish hue from the bedding and replace it with a solid white color to maintain consistency throughout the room. Ensure that the textures of the walls and furniture remain clear but slightly softened in tone to complement the overall cleaner appearance. Lastly, refine any lens distortions or perspective issues that might have caused misalignment in the lines of the room's structure, ensuring everything looks crisp and accurate.","To achieve the transformation from the original image to the edited result, several key adjustments must be made. The overall brightness needs to be reduced significantly to bring out more detail in the room's features and objects. This includes adjusting the exposure so that the bedspread's pattern becomes more visible and the walls regain their texture. The ceiling light should be brightened slightly to appear as a warm, glowing source rather than a washed-out spot. Additionally, shadows need to be reintroduced around the furniture and along the edges of the walls to enhance depth and dimensionality. The bed itself requires a stylistic adjustment; the bedding should be smoothed out with some natural folds to look more realistic and inviting. A small bedside lamp can be added next to the bed for a cozy touch, ensuring it blends seamlessly with the room's minimalistic aesthetic. Lastly, the perspective should remain consistent, but the entire scene should be sharpened to improve clarity and focus throughout the space."
/skynas/01/hardik/ray-cot-daw-hdrs/_D856149_50_51_52_53_54_55_9823f01bd412_hdr.jpg,"To transform the original input into the edited result, several visual adjustments need to be applied. The overall brightness of the room should be increased significantly, particularly around the windows and floor area, enhancing visibility and making the space appear more inviting. The color tone can be shifted slightly towards warmer hues, giving the room a more cozy and welcoming atmosphere. The curtains on the window should remain unchanged in terms of position but could be subtly lightened to fit better with the updated lighting conditions. Additionally, the lighting fixture above the window needs to be adjusted to emit a softer, more diffused light, complementing the new lighting scheme. There should be no noticeable changes in object placements; however, any shadows cast by objects like furniture or fixtures must be minimized or eliminated entirely for a cleaner look. The perspective appears consistent between the two versions, so no major distortions or angle adjustments are necessary. Lastly, ensure that the floor's texture and details are preserved while maintaining the enhanced brightness and warmth throughout the scene.","To transform the original input into the edited result, several visual adjustments need to be applied. Increase the overall brightness and contrast of the room to enhance visibility and create a more inviting atmosphere. The ceiling light should be made brighter, casting a stronger glow across the floor and walls. Adjust the color balance to give the walls a lighter, more neutral tone, which will make the space feel larger and more open. The wooden floor needs to have its texture and grain details sharpened slightly, while also increasing its brightness to match the new lighting conditions. The furniture pieces, including the stool and the cabinet, should be subtly enhanced in detail and color saturation to blend harmoniously with the improved lighting and color scheme. Additionally, ensure there are no visible shadows or dark corners by evenly distributing the light throughout the room. Lastly, refine the edges and details around the window frame and curtains for a crisp, clean look."
/skynas/01/alireza/data_dump/mertens_processed/pair_753/final/1106_04_mertens_hdr.jpg,"To achieve the transformation from the original kitchen scene to the edited version, several visual adjustments need to be made. The overall brightness of the room should be increased, enhancing the visibility of details throughout the space. Specifically, the ceiling lights should appear more pronounced with a slight increase in their intensity, casting a warmer glow over the entire area. Additionally, the floor's texture and color should be slightly altered to give it a more polished look, with darker tones replacing the current lighter shade. This change will make the wooden floor appear richer and more vibrant. Furthermore, the cabinets and countertops must have their reflections enhanced to create a glossy finish, reflecting the improved lighting conditions. Lastly, ensure there are no distractions or extraneous elements present; the focus should remain on the clean and modern aesthetic of the kitchen. These adjustments collectively transform the mundane into a sleek, inviting space.","To transform the original kitchen scene into the edited version, several visual adjustments need to be applied. The lighting in the room should be enhanced to brighten the entire space, particularly focusing on the floor and countertops, which appear more illuminated in the edited result. The wood flooring needs a slight color adjustment to appear lighter and warmer, enhancing its natural grain patterns for a more polished look. Additionally, the shadows cast by objects such as the refrigerator and cabinets should be softened and reduced for a cleaner appearance. The overall contrast of the image should be increased slightly to make colors pop more vividly, especially noticeable in the backsplash and cabinetry. There are no significant object additions or removals; however, the perspective and lens distortion seem to have been corrected to give a more accurate and balanced view of the room's dimensions. The composition remains largely unchanged, maintaining the focus on the kitchen area while subtly improving the visual appeal through these detailed enhancements."
/skynas/01/alireza/data_dump/mertens_processed/pair_648/final/A_46_mertens_hdr.jpg,"To achieve the transformation from the original input to the edited result, several visual adjustments need to be applied. The overall brightness of the scene should be increased slightly, enhancing the visibility of details in both the architectural structures and the surrounding greenery. This includes adjusting the exposure levels to brighten the sky and reduce shadows under the buildings, making them appear more vibrant and well-lit.

The colors in the image need to be subtly corrected to enhance their saturation without oversaturating any particular hue. Specifically, the red tones on the exterior walls of the modern building should be intensified to create a warmer, more inviting appearance. Additionally, the green of the grass and plants should be sharpened to bring out their natural vibrancy.

There are no significant object additions or removals required; however, minor tweaks to the perspective might be necessary to ensure that the lines of the pathway and the edges of the buildings align perfectly with each other, creating a cleaner and more professional look. No lens distortions seem to affect the composition directly, so no corrections are needed in that area. The final step involves fine-tuning the overall composition to balance the elements within the frame, ensuring that the modern structure stands out prominently while the surrounding environment complements it harmoniously.","To transform the original image into the edited result, start by adjusting the sky from overcast and gray to a vibrant blue with wispy white clouds, enhancing the overall brightness and contrast of the scene. Increase the saturation of the colors throughout the image, particularly in the greenery and the building facades, making them appear more vivid and lively. Remove any visible shadows or dark areas that detract from the brightness, ensuring a uniform light distribution across the entire scene. The plants should be slightly more detailed and lush, adding a touch of vibrancy to the landscaping. Additionally, fine-tune the exposure settings to bring out more details in the architectural elements of the buildings, making their textures and features stand out more prominently against the brighter background. Lastly, ensure there are no lens distortions or perspective issues, maintaining a natural and realistic view of the urban landscape."
/skynas/01/alireza/data_dump/mertens_processed/pair_053/final/D_03_mertens_hdr.jpg,"To transform the original input into the edited result, several visual adjustments need to be applied. The overall brightness of the scene should be increased slightly, enhancing the visibility of details throughout the room without causing harsh shadows. Specifically, the lighting in the kitchen area needs to be subtly intensified to give a warmer ambiance while maintaining natural light from the window. Additionally, the colors within the room should be adjusted to appear more vibrant and saturated; this includes the furniture, walls, and decorative elements like the throw pillows and artwork. The texture of the wooden floor should be sharpened to make it appear more polished and detailed. Lastly, any minor imperfections or distractions in the composition, such as slight inconsistencies in the paint or reflections on surfaces, should be smoothed out for a cleaner, more professional look. These changes collectively contribute to creating an inviting and aesthetically pleasing space.","To achieve the transformation from the original to the edited version of this living space, several visual adjustments should be applied. Increase the overall brightness and contrast to enhance the clarity and vibrancy of the scene, particularly in the kitchen area where the light appears more pronounced. Adjust the color balance to give the entire room a cooler tone, which can be noticed in the slightly bluer hues on the walls and floor. Remove any visible shadows, especially those cast by the hanging plant, to create a more even and clean look. The window blinds should be adjusted to appear as if they are letting in more natural light, subtly brightening the room further. Additionally, refine the texture of the wooden floor to make it appear smoother and more polished. Lastly, ensure all objects, such as the pillows on the sofa and items on the kitchen counter, are crisp and well-defined, contributing to a sharper overall image quality."
/skynas/01/alireza/data_dump/mertens_processed/jazz_samples/09 Jun 2025/165_final done_mertens_hdr.jpg,"To transform the original bathroom scene into the edited version, several visual adjustments should be applied. The overall brightness of the room needs to be increased, particularly around the mirror and sink area, enhancing visibility and making the space appear more lively. The colors should be slightly saturated, giving the tiles and walls a more vibrant look while maintaining their distinct blue and white patterns. The faucet and fixtures should have their reflections removed to create a cleaner, clearer view of these elements. Additionally, any visible imperfections on the tiles and surfaces, such as cracks or stains, need to be smoothed out for a polished appearance. The perspective of the shot should remain consistent but with a slight adjustment to ensure all objects align perfectly within the frame, eliminating any distortions or obstructions that might interfere with the composition. Lastly, subtle enhancements to the lighting could be made to brighten the entire scene evenly, ensuring there is no harsh shadowing or overly dark areas that would detract from the overall aesthetic.","To transform the original bathroom scene into the edited version, several visual adjustments need to be made. The overall brightness of the room should be increased, enhancing the visibility of details while giving the space a cleaner and more inviting appearance. The colors of the tiles and walls should be slightly desaturated, reducing their vibrancy to create a more neutral and subdued atmosphere. Additionally, the sink area needs to be cleaned up; any visible stains or water marks must be removed to present a pristine surface. The mirror cabinet above the sink should have its reflections adjusted for clarity, ensuring that the reflection accurately represents the room's features without any distortions. There is no need for significant perspective or lens distortion corrections as the spatial relationships in the scene appear consistent. However, minor composition tweaks might involve subtly adjusting the angle to center key elements like the sink and bathtub within the frame, ensuring a balanced and aesthetically pleasing layout."
/skynas/01/alireza/data_dump/mertens_processed/jazz_samples/09 Jun 2025/68_final done_mertens_hdr.jpg,"To transform the original living room scene into the edited version, several visual adjustments need to be applied. The overall brightness of the room should be increased, enhancing the natural light coming through the windows and making the space appear more vibrant. The colors of the furniture, especially the gray sofa and the wooden cabinet, should be slightly adjusted to appear richer and more saturated, giving a warmer tone to the entire room.

The patterned rug in front of the sofa needs to have its colors intensified, particularly the blue tones, to create a more striking contrast with the white walls and wood flooring. The black pendant light hanging above the television should be brightened, ensuring it casts a well-defined shadow on the wall behind. Additionally, the curtains on the windows should be opened wider, allowing more natural light to flood the room, which will also help in adjusting the shadows and highlights.

The artwork on the wall next to the television should be subtly altered to enhance its visibility by increasing the contrast between the colors and the background. This includes adjusting the saturation of the painting's hues to make them stand out more prominently against the white wall. Lastly, the perspective of the room might require minor adjustments to ensure all elements are correctly aligned and proportions are maintained, especially around the television stand and the coffee table area. These changes collectively aim to create a cleaner, more inviting, and visually appealing living space.","To transform the original living room scene into the edited version, several visual adjustments need to be made. Increase the brightness and contrast of the entire room to enhance the overall illumination, making the space appear more vibrant and inviting. Specifically, brighten the area around the glass coffee table to create a focal point in the center of the room. Adjust the lighting coming through the open doors to include a soft blue sky with scattered clouds, adding depth and a sense of openness to the outdoor view. Remove any visible imperfections or marks on the walls, ensuring they are smooth and uniformly white. Slightly adjust the perspective of the room so that the lines of the furniture and architectural elements are perfectly straight, giving the scene a polished and professional look. Lastly, refine the colors of the objects within the room, such as the sofa, rug, and curtains, to ensure they are vivid yet harmonious, contributing to a cohesive and aesthetically pleasing environment."
/skynas/01/alireza/data_dump/mertens_processed/jazz_samples/09 Jun 2025/184_final done_mertens_hdr.jpg,"To transform the original bathroom scene into the edited version, several visual adjustments need to be made. The overall brightness of the image should be increased slightly to enhance visibility and create a more inviting atmosphere. The colors can be subtly adjusted to appear more vibrant, particularly in the white surfaces like the cabinets and walls, which should have their brightness levels raised for a cleaner look. Additionally, the reflection in the mirror needs to be smoothed out; any glare or reflections from the window should be minimized to achieve a clearer view. The perspective of the image may require minor adjustments to ensure all elements are aligned correctly and there's no distortion present. Lastly, any minor imperfections or blemishes in the surfaces, such as dirt or stains, should be removed to give the space a polished appearance. These changes collectively will result in a well-lit, clean, and professionally presented bathroom setting.","To transform the original bathroom scene into the edited version, several adjustments need to be made. The bouquet of flowers located above the mirror should be removed entirely, leaving a clean space above the mirror. Additionally, the reflection in the mirror needs to be altered; specifically, the reflection of the flowers must be eliminated from the mirror's surface. The lighting in the scene should be slightly increased to brighten the overall appearance, enhancing the visibility of details while maintaining natural tones. There is no need for significant perspective or lens distortion corrections as the spatial relationships appear consistent between the two versions. The composition remains largely unchanged, focusing on the sink area with the mirror and shelving unit, ensuring that the main elements stay in their original positions. These modifications will align the original image closely with the desired edited result."
